threshold,accuracy,precision_scam,recall_scam,f1_scam,true_negative,false_positive,false_negative,true_positive
0.1,0.902286251174444,0.748792270531401,1.0,0.856353591160221,1951,312,0,930
0.11,0.9113686188537425,0.7666941467436109,1.0,0.8679421371908539,1980,283,0,930
0.12,0.9198246163482618,0.7841483979763912,1.0,0.8790170132325141,2007,256,0,930
0.13,0.9270278734732227,0.7996560619088564,1.0,0.8886765408504539,2030,233,0,930
0.13999999999999999,0.9323520200438459,0.8115183246073299,1.0,0.8959537572254336,2047,216,0,930
0.14999999999999997,0.9373629815220795,0.8230088495575221,1.0,0.9029126213592233,2063,200,0,930
0.15999999999999998,0.9414343877231444,0.8325872873769025,1.0,0.9086468001954079,2076,187,0,930
0.16999999999999998,0.9473849044785468,0.8476277372262774,0.9989247311827957,0.9170779861796644,2096,167,1,929
0.17999999999999997,0.9514563106796117,0.8578024007386889,0.9989247311827957,0.9230004967709886,2109,154,1,929
0.18999999999999995,0.9549013466958973,0.8666044776119403,0.9989247311827957,0.9280719280719281,2120,143,1,929
0.19999999999999996,0.9592859379893517,0.8795066413662239,0.9967741935483871,0.9344758064516129,2136,127,3,927
0.20999999999999996,0.9602254932665205,0.8834765998089781,0.9946236559139785,0.9357612544258979,2141,122,5,925
0.21999999999999995,0.9639837143751957,0.893719806763285,0.9946236559139785,0.9414758269720102,2153,110,5,925
0.22999999999999995,0.966176010021923,0.8998054474708171,0.9946236559139785,0.9448416751787538,2160,103,5,925
0.23999999999999994,0.9674287503914814,0.9049019607843137,0.9924731182795699,0.9466666666666667,2166,97,7,923
0.24999999999999992,0.969307860945819,0.9102564102564102,0.9924731182795699,0.9495884773662552,2172,91,7,923
0.2599999999999999,0.9718133416849358,0.9174950298210736,0.9924731182795699,0.9535123966942148,2180,83,7,923
0.2699999999999999,0.9733792671468838,0.9229229229229229,0.9913978494623656,0.9559357179885951,2186,77,8,922
0.2799999999999999,0.9746320075164422,0.9266331658291457,0.9913978494623656,0.957922077922078,2190,73,8,922
0.2899999999999999,0.975571562793611,0.9303030303030303,0.9903225806451613,0.959375,2194,69,9,921
0.29999999999999993,0.977137488255559,0.9350253807106599,0.9903225806451613,0.9618798955613577,2199,64,9,921
0.30999999999999994,0.9783902286251175,0.9388379204892966,0.9903225806451613,0.9638932496075353,2203,60,9,921
0.3199999999999999,0.9812088944566238,0.9475308641975309,0.9903225806451613,0.9684542586750788,2212,51,9,921
0.32999999999999985,0.9821484497337927,0.9504643962848297,0.9903225806451613,0.9699842022116903,2215,48,9,921
0.33999999999999986,0.9830880050109615,0.953416149068323,0.9903225806451613,0.9715189873417721,2218,45,9,921
0.34999999999999987,0.9843407453805199,0.9583333333333334,0.989247311827957,0.9735449735449735,2223,40,10,920
0.3599999999999999,0.9852803006576887,0.9613375130616509,0.989247311827957,0.9750927397986221,2226,37,10,920
0.3699999999999999,0.9855934857500783,0.9623430962343096,0.989247311827957,0.975609756097561,2227,36,10,920
0.3799999999999999,0.9859066708424679,0.9643231899265478,0.9881720430107527,0.9761019649495486,2229,34,11,919
0.3899999999999999,0.9868462261196367,0.9673684210526315,0.9881720430107527,0.9776595744680852,2232,31,11,919
0.3999999999999998,0.9868462261196367,0.9673684210526315,0.9881720430107527,0.9776595744680852,2232,31,11,919
0.4099999999999998,0.9874725963044159,0.9694092827004219,0.9881720430107527,0.9787007454739084,2234,29,11,919
0.4199999999999998,0.9884121515815847,0.9724867724867725,0.9881720430107527,0.9802666666666666,2237,26,11,919
0.4299999999999998,0.9884121515815847,0.9734888653234358,0.9870967741935484,0.9802455953016551,2238,25,12,918
0.43999999999999984,0.9880989664891952,0.9734607218683652,0.986021505376344,0.9797008547008547,2238,25,13,917
0.44999999999999984,0.9877857813968055,0.973432518597237,0.9849462365591398,0.9791555318011759,2238,25,14,916
0.45999999999999985,0.9874725963044159,0.9744136460554371,0.9827956989247312,0.9785867237687366,2239,24,16,914
0.46999999999999986,0.9871594112120263,0.9743863393810032,0.9817204301075269,0.9780396357793251,2239,24,17,913
0.47999999999999976,0.9868462261196367,0.9743589743589743,0.9806451612903225,0.977491961414791,2239,24,18,912
0.48999999999999977,0.9874725963044159,0.9774678111587983,0.9795698924731183,0.9785177228786252,2242,21,19,911
0.4999999999999998,0.9874725963044159,0.978494623655914,0.978494623655914,0.978494623655914,2243,20,20,910
0.5099999999999998,0.9877857813968055,0.9795479009687836,0.978494623655914,0.9790209790209791,2244,19,20,910
0.5199999999999998,0.9871594112120263,0.9795037756202805,0.9763440860215054,0.9779213785675821,2244,19,22,908
0.5299999999999998,0.9859066708424679,0.9794149512459371,0.9720430107526882,0.9757150566648678,2244,19,26,904
0.5399999999999998,0.9862198559348575,0.9804772234273319,0.9720430107526882,0.9762419006479481,2245,18,26,904
0.5499999999999998,0.9855934857500783,0.9804347826086957,0.9698924731182795,0.9751351351351352,2245,18,28,902
0.5599999999999997,0.9849671155652991,0.9803921568627451,0.967741935483871,0.974025974025974,2245,18,30,900
0.5699999999999997,0.9849671155652991,0.9814410480349345,0.9666666666666667,0.9739978331527628,2246,17,31,899
0.5799999999999997,0.9846539304729095,0.9814207650273225,0.9655913978494624,0.9734417344173442,2246,17,32,898
0.5899999999999997,0.9846539304729095,0.9824753559693319,0.964516129032258,0.9734129137276181,2247,16,33,897
0.5999999999999998,0.9843407453805199,0.9835164835164835,0.9623655913978495,0.9728260869565217,2248,15,35,895
0.6099999999999998,0.983401190103351,0.9845303867403314,0.9580645161290322,0.9711171662125341,2249,14,39,891
0.6199999999999998,0.9830880050109615,0.9845132743362832,0.956989247311828,0.9705561613958561,2249,14,40,890
0.6299999999999997,0.9824616348261823,0.9855555555555555,0.953763440860215,0.9693989071038251,2250,13,43,887
0.6399999999999997,0.981835264641403,0.9855233853006682,0.9516129032258065,0.9682713347921226,2250,13,45,885
0.6499999999999997,0.9824616348261823,0.9877232142857143,0.9516129032258065,0.9693318729463308,2252,11,45,885
0.6599999999999997,0.9821484497337927,0.9877094972067039,0.9505376344086022,0.9687671232876712,2252,11,46,884
0.6699999999999997,0.9808957093642343,0.9876543209876543,0.946236559139785,0.9665019220208677,2252,11,50,880
0.6799999999999997,0.980269339179455,0.9876265466816648,0.9440860215053763,0.9653655854865311,2252,11,52,878
0.6899999999999997,0.9796429689946758,0.9875986471251409,0.9419354838709677,0.9642267473858007,2252,11,54,876
0.6999999999999996,0.978703413717507,0.9875565610859729,0.9387096774193548,0.9625137816979051,2252,11,57,873
0.7099999999999996,0.9774506733479487,0.9886104783599089,0.9333333333333333,0.9601769911504425,2253,10,62,868
0.7199999999999996,0.9765111180707798,0.9885714285714285,0.9301075268817204,0.9584487534626038,2253,10,65,865
0.7299999999999996,0.9758847478860007,0.9885452462772051,0.9279569892473118,0.9572933998890738,2253,10,67,863
0.7399999999999997,0.9752583777012214,0.9885189437428243,0.9258064516129032,0.9561354802887285,2253,10,69,861
0.7499999999999997,0.9736924522392734,0.9895833333333334,0.9193548387096774,0.9531772575250836,2254,9,75,855
0.7599999999999997,0.9736924522392734,0.9895833333333334,0.9193548387096774,0.9531772575250836,2254,9,75,855
0.7699999999999997,0.9730660820544942,0.9906976744186047,0.9161290322580645,0.9519553072625698,2255,8,78,852
0.7799999999999997,0.9715001565925462,0.9906432748538012,0.910752688172043,0.9490196078431372,2255,8,83,847
0.7899999999999996,0.9702474162229878,0.9905992949471211,0.9064516129032258,0.9466591802358225,2255,8,87,843
0.7999999999999996,0.9686814907610398,0.9905437352245863,0.9010752688172043,0.9436936936936937,2255,8,92,838
0.8099999999999996,0.9668023802067022,0.9904761904761905,0.8946236559139785,0.9401129943502825,2255,8,98,832
0.8199999999999996,0.9652364547447542,0.9904191616766467,0.889247311827957,0.9371104815864023,2255,8,103,827
0.8299999999999996,0.9633573441904165,0.9903498190591074,0.8827956989247312,0.9334849346219443,2255,8,109,821
0.8399999999999996,0.9614782336360789,0.9914738124238733,0.875268817204301,0.9297544260422616,2256,7,116,814
0.8499999999999996,0.9611650485436893,0.9914634146341463,0.8741935483870967,0.9291428571428572,2256,7,117,813
0.8599999999999995,0.9586595678045725,0.9913793103448276,0.8655913978494624,0.9242250287026407,2256,7,125,805
0.8699999999999996,0.9561540870654557,0.99375,0.8548387096774194,0.9190751445086706,2258,5,135,795
0.8799999999999996,0.95270905104917,0.9936628643852978,0.843010752688172,0.9121582315299592,2258,5,146,784
0.8899999999999996,0.9470717193861572,0.993514915693904,0.8236559139784946,0.9006466784244562,2258,5,164,766
0.8999999999999996,0.9411212026307548,0.9933510638297872,0.8032258064516129,0.8882282996432818,2258,5,183,747
